{
  "type": "FeatureCollection",
  "name": "tuzobus_oficial-routes",
  "generatedAt": "2026-06-06",
  "description": "Rutas de la fuente tuzobus_oficial.",
  "features": [
    {
      "type": "Feature",
      "properties": {
        "routeId": "tuzobus-ra-01-a-ida",
        "name": "RA-01 A MATILDE / VALLE VERDE / E. MATILDE (ida)",
        "externalId": "RA-01 A",
        "origin": "EL MIRADOR/MATILDE",
        "destination": "Matilde, 42119 Pachuca de Soto, Hgo.",
        "source": "tuzobus_oficial",
        "sourceLabel": "Tuzobus oficial",
        "sourceUrl": "https://p-tuzobus.hidalgo.gob.mx/",
        "routeType": "tuzobus_alimentadora",
        "color": "#2563EB",
        "fare": "$10 aprox.",
        "frequency": "Por confirmar",
        "schedule": "Lunes a Viernes de 05:30 a 22:30 hrs, Sabados de 06:00 a 22:00 hrs y Domingo de 7:00 a 22:00 hrs",
        "status": "validated",
        "updatedAt": "2026-06-06",
        "featureIndex": 0
      },
      "geometry": {
        "type": "LineString",
        "coordinates": [
          [
            -98.812778,
            20.033889
          ],
          [
            -98.812778,
            20.033889
          ],
          [
            -98.812778,
            20.031944
          ],
          [
            -98.812778,
            20.029722
          ],
          [
            -98.812778,
            20.029167
          ],
          [
            -98.811111,
            20.029722
          ],
          [
            -98.808611,
            20.030556
          ],
          [
            -98.8075,
            20.031111
          ],
          [
            -98.806667,
            20.033056
          ],
          [
            -98.805278,
            20.032222
          ],
          [
            -98.803056,
            20.030556
          ]
        ]
      }
    },
    {
      "type": "Feature",
      "properties": {
        "routeId": "tuzobus-ra-01-a-vuelta",
        "name": "RA-01 A MATILDE / VALLE VERDE / E. MATILDE (vuelta)",
        "externalId": "RA-01 A",
        "origin": "Matilde, 42119 Pachuca de Soto, Hgo.",
        "destination": "20 de Noviembre, San Antonio, 43845 Acayuca, Hgo.",
        "source": "tuzobus_oficial",
        "sourceLabel": "Tuzobus oficial",
        "sourceUrl": "https://p-tuzobus.hidalgo.gob.mx/",
        "routeType": "tuzobus_alimentadora",
        "color": "#7C3AED",
        "fare": "$10 aprox.",
        "frequency": "Por confirmar",
        "schedule": "Lunes a Viernes de 05:30 a 22:30 hrs, Sabados de 06:00 a 22:00 hrs y Domingo de 7:00 a 22:00 hrs",
        "status": "validated",
        "updatedAt": "2026-06-06",
        "featureIndex": 0
      },
      "geometry": {
        "type": "LineString",
        "coordinates": [
          [
            -98.803056,
            20.030556
          ],
          [
            -98.805278,
            20.032222
          ],
          [
            -98.806667,
            20.033056
          ],
          [
            -98.8075,
            20.031111
          ],
          [
            -98.808889,
            20.030278
          ],
          [
            -98.811111,
            20.029722
          ],
          [
            -98.812778,
            20.03
          ],
          [
            -98.813056,
            20.032222
          ],
          [
            -98.813056,
            20.032222
          ],
          [
            -98.813056,
            20.032222
          ]
        ]
      }
    },
    {
      "type": "Feature",
      "properties": {
        "routeId": "tuzobus-ra-01-b-ida",
        "name": "RA-01 B EJIDOS LA PALMA / E. MATILDE (ida)",
        "externalId": "RA-01 B",
        "origin": "EL MIRADOR/MATILDE",
        "destination": "México - Pachuca 85, Matilde, 42119 Acayuca, Hgo.",
        "source": "tuzobus_oficial",
        "sourceLabel": "Tuzobus oficial",
        "sourceUrl": "https://p-tuzobus.hidalgo.gob.mx/",
        "routeType": "tuzobus_alimentadora",
        "color": "#2563EB",
        "fare": "$10 aprox.",
        "frequency": "Por confirmar",
        "schedule": "Lunes a Viernes de 05:30 a 22:30 hrs, Sabados de 06:00 a 22:00 hrs y Domingo de 7:00 a 22:00 hrs",
        "status": "validated",
        "updatedAt": "2026-06-06",
        "featureIndex": 0
      },
      "geometry": {
        "type": "LineString",
        "coordinates": [
          [
            -98.811389,
            20.0375
          ],
          [
            -98.811111,
            20.036944
          ],
          [
            -98.809444,
            20.035278
          ],
          [
            -98.806667,
            20.033333
          ],
          [
            -98.806389,
            20.033889
          ],
          [
            -98.805278,
            20.035833
          ],
          [
            -98.804167,
            20.037222
          ],
          [
            -98.802778,
            20.038056
          ],
          [
            -98.800556,
            20.036944
          ],
          [
            -98.798611,
            20.035833
          ]
        ]
      }
    },
    {
      "type": "Feature",
      "properties": {
        "routeId": "tuzobus-ra-01-b-vuelta",
        "name": "RA-01 B EJIDOS LA PALMA / E. MATILDE (vuelta)",
        "externalId": "RA-01 B",
        "origin": "EL MIRADOR/MATILDE",
        "destination": "Av. Reforma Agraria 586-548, Matilde, 42119 Pachuca de Soto, Hgo.",
        "source": "tuzobus_oficial",
        "sourceLabel": "Tuzobus oficial",
        "sourceUrl": "https://p-tuzobus.hidalgo.gob.mx/",
        "routeType": "tuzobus_alimentadora",
        "color": "#7C3AED",
        "fare": "$10 aprox.",
        "frequency": "Por confirmar",
        "schedule": "Lunes a Viernes de 05:30 a 22:30 hrs, Sabados de 06:00 a 22:00 hrs y Domingo de 7:00 a 22:00 hrs",
        "status": "validated",
        "updatedAt": "2026-06-06",
        "featureIndex": 0
      },
      "geometry": {
        "type": "LineString",
        "coordinates": [
          [
            -98.803056,
            20.030556
          ],
          [
            -98.803056,
            20.030556
          ],
          [
            -98.805278,
            20.032222
          ],
          [
            -98.806944,
            20.033333
          ],
          [
            -98.808611,
            20.034722
          ],
          [
            -98.81,
            20.035833
          ],
          [
            -98.811111,
            20.036944
          ]
        ]
      }
    },
    {
      "type": "Feature",
      "properties": {
        "routeId": "tuzobus-ra-02a-ida",
        "name": "RA-02A FRACC. VILLA FONTANA / E. MATILDE (ida)",
        "externalId": "RA-02A",
        "origin": "SAN ALFONSO/SANTA MATILDE/ LINDA VISTA",
        "destination": "Autopista México - Pachuca 10, Matilde, 42119 Pachuca de Soto, Hgo.",
        "source": "tuzobus_oficial",
        "sourceLabel": "Tuzobus oficial",
        "sourceUrl": "https://p-tuzobus.hidalgo.gob.mx/",
        "routeType": "tuzobus_alimentadora",
        "color": "#2563EB",
        "fare": "$10 aprox.",
        "frequency": "Por confirmar",
        "schedule": "Lunes a Viernes de 05:30 a 22:30 hrs, Sabados de 06:00 a 22:00 hrs y Domingo de 7:00 a 22:00 hrs",
        "status": "validated",
        "updatedAt": "2026-06-06",
        "featureIndex": 0
      },
      "geometry": {
        "type": "LineString",
        "coordinates": [
          [
            -98.802778,
            20.030278
          ],
          [
            -98.785,
            20.016389
          ],
          [
            -98.785,
            20.016389
          ],
          [
            -98.783611,
            20.017778
          ],
          [
            -98.787222,
            20.018056
          ],
          [
            -98.789444,
            20.018056
          ],
          [
            -98.791667,
            20.018056
          ],
          [
            -98.791667,
            20.020556
          ],
          [
            -98.791389,
            20.021667
          ],
          [
            -98.787222,
            20.0225
          ],
          [
            -98.787222,
            20.024722
          ],
          [
            -98.787778,
            20.027222
          ],
          [
            -98.791667,
            20.028056
          ],
          [
            -98.795,
            20.028889
          ],
          [
            -98.797222,
            20.026389
          ],
          [
            -98.798889,
            20.025833
          ],
          [
            -98.800833,
            20.0275
          ],
          [
            -98.802778,
            20.030278
          ]
        ]
      }
    },
    {
      "type": "Feature",
      "properties": {
        "routeId": "tuzobus-ra-02a-vuelta",
        "name": "RA-02A FRACC. VILLA FONTANA / E. MATILDE (vuelta)",
        "externalId": "RA-02A",
        "origin": "SAN ALFONSO/SANTA MATILDE/ LINDA VISTA",
        "destination": "43845 Privadas Santa Matilde, Hgo.",
        "source": "tuzobus_oficial",
        "sourceLabel": "Tuzobus oficial",
        "sourceUrl": "https://p-tuzobus.hidalgo.gob.mx/",
        "routeType": "tuzobus_alimentadora",
        "color": "#7C3AED",
        "fare": "$10 aprox.",
        "frequency": "Por confirmar",
        "schedule": "Lunes a Viernes de 05:30 a 22:30 hrs, Sabados de 06:00 a 22:00 hrs y Domingo de 7:00 a 22:00 hrs",
        "status": "validated",
        "updatedAt": "2026-06-06",
        "featureIndex": 0
      },
      "geometry": {
        "type": "LineString",
        "coordinates": [
          [
            -98.785,
            20.015
          ],
          [
            -98.802778,
            20.030278
          ],
          [
            -98.800556,
            20.030278
          ],
          [
            -98.800833,
            20.027222
          ],
          [
            -98.798889,
            20.025556
          ],
          [
            -98.7975,
            20.026389
          ],
          [
            -98.795,
            20.028889
          ],
          [
            -98.792222,
            20.028056
          ],
          [
            -98.787778,
            20.026944
          ],
          [
            -98.787222,
            20.024722
          ],
          [
            -98.787222,
            20.0225
          ],
          [
            -98.788333,
            20.021944
          ],
          [
            -98.791667,
            20.021944
          ],
          [
            -98.791667,
            20.020556
          ],
          [
            -98.791667,
            20.018056
          ],
          [
            -98.789722,
            20.017778
          ],
          [
            -98.787222,
            20.017778
          ],
          [
            -98.785,
            20.016389
          ],
          [
            -98.785,
            20.015
          ]
        ]
      }
    },
    {
      "type": "Feature",
      "properties": {
        "routeId": "tuzobus-ra-02b-ida",
        "name": "RA-02B BLVD. SAN ALFONSO / JAGÜEY TÉLLEZ (ida)",
        "externalId": "RA-02B",
        "origin": "VILLA FONTANA/SAN ALFONSO /JAGÜEY TÉLLEZ",
        "destination": "Jagüey de Téllez, 43840 Jagüey de Téllez, Hgo",
        "source": "tuzobus_oficial",
        "sourceLabel": "Tuzobus oficial",
        "sourceUrl": "https://p-tuzobus.hidalgo.gob.mx/",
        "routeType": "tuzobus_alimentadora",
        "color": "#2563EB",
        "fare": "$10 aprox.",
        "frequency": "Por confirmar",
        "schedule": "Lunes a Viernes de 05:30 a 22:30 hrs, Sabados de 06:00 a 22:00 hrs y Domingo de 7:00 a 22:00 hrs",
        "status": "validated",
        "updatedAt": "2026-06-06",
        "featureIndex": 0
      },
      "geometry": {
        "type": "LineString",
        "coordinates": [
          [
            -98.779167,
            20.02
          ],
          [
            -98.779167,
            20.02
          ],
          [
            -98.783333,
            20.02
          ],
          [
            -98.783611,
            20.017778
          ],
          [
            -98.785,
            20.017778
          ],
          [
            -98.787222,
            20.018056
          ],
          [
            -98.789722,
            20.017778
          ],
          [
            -98.791667,
            20.018056
          ],
          [
            -98.793611,
            20.018056
          ],
          [
            -98.795,
            20.018056
          ],
          [
            -98.799444,
            20.018056
          ],
          [
            -98.805278,
            20.018056
          ],
          [
            -98.808056,
            20.018056
          ],
          [
            -98.803889,
            20.012222
          ],
          [
            -98.800278,
            20.004444
          ],
          [
            -98.792778,
            19.991111
          ],
          [
            -98.790556,
            19.987222
          ],
          [
            -98.788889,
            19.984444
          ],
          [
            -98.7875,
            19.982222
          ],
          [
            -98.786389,
            19.980278
          ],
          [
            -98.785278,
            19.978889
          ],
          [
            -98.784167,
            19.977778
          ],
          [
            -98.782222,
            19.975556
          ]
        ]
      }
    },
    {
      "type": "Feature",
      "properties": {
        "routeId": "tuzobus-ra-02b-vuelta",
        "name": "RA-02B BLVD. SAN ALFONSO / JAGÜEY TÉLLEZ (vuelta)",
        "externalId": "RA-02B",
        "origin": "VILLA FONTANA/SAN ALFONSO /JAGÜEY TÉLLEZ",
        "destination": "43845 Villa Fontana, Hgo.",
        "source": "tuzobus_oficial",
        "sourceLabel": "Tuzobus oficial",
        "sourceUrl": "https://p-tuzobus.hidalgo.gob.mx/",
        "routeType": "tuzobus_alimentadora",
        "color": "#7C3AED",
        "fare": "$10 aprox.",
        "frequency": "Por confirmar",
        "schedule": "Lunes a Viernes de 05:30 a 22:30 hrs, Sabados de 06:00 a 22:00 hrs y Domingo de 7:00 a 22:00 hrs",
        "status": "validated",
        "updatedAt": "2026-06-06",
        "featureIndex": 0
      },
      "geometry": {
        "type": "LineString",
        "coordinates": [
          [
            -98.782222,
            19.975556
          ],
          [
            -98.782222,
            19.975556
          ],
          [
            -98.783889,
            19.977778
          ],
          [
            -98.784722,
            19.978611
          ],
          [
            -98.786111,
            19.98
          ],
          [
            -98.787222,
            19.982222
          ],
          [
            -98.788611,
            19.984722
          ],
          [
            -98.79,
            19.986944
          ],
          [
            -98.792222,
            19.990833
          ],
          [
            -98.800278,
            20.005
          ],
          [
            -98.803611,
            20.011944
          ],
          [
            -98.808056,
            20.017778
          ],
          [
            -98.804722,
            20.018056
          ],
          [
            -98.799722,
            20.017778
          ],
          [
            -98.794167,
            20.017778
          ],
          [
            -98.791944,
            20.017778
          ],
          [
            -98.789722,
            20.017778
          ],
          [
            -98.787222,
            20.017778
          ],
          [
            -98.785,
            20.017778
          ],
          [
            -98.783333,
            20.017778
          ],
          [
            -98.783056,
            20.02
          ],
          [
            -98.779167,
            20.02
          ]
        ]
      }
    },
    {
      "type": "Feature",
      "properties": {
        "routeId": "tuzobus-ra-2d-ida",
        "name": "RA- 2D C. VIÑEDOS / CETRAM TÉLLEZ (ida)",
        "externalId": "RA- 2D",
        "origin": "FRACCIONAMIENTO VIÑEDOS",
        "destination": "Zempoala, 43845 Hgo.",
        "source": "tuzobus_oficial",
        "sourceLabel": "Tuzobus oficial",
        "sourceUrl": "https://p-tuzobus.hidalgo.gob.mx/",
        "routeType": "tuzobus_alimentadora",
        "color": "#2563EB",
        "fare": "$10 aprox.",
        "frequency": "Por confirmar",
        "schedule": "Lunes a Viernes de 05:30 a 22:30 hrs, Sabados de 06:00 a 22:00 hrs y Domingo de 7:00 a 22:00 hrs",
        "status": "validated",
        "updatedAt": "2026-06-06",
        "featureIndex": 0
      },
      "geometry": {
        "type": "LineString",
        "coordinates": [
          [
            -98.803889,
            20.011944
          ],
          [
            -98.803889,
            20.011944
          ],
          [
            -98.803056,
            20.01
          ],
          [
            -98.799722,
            20.009722
          ],
          [
            -98.796944,
            20.009722
          ],
          [
            -98.794167,
            20.01
          ],
          [
            -98.792222,
            20.009722
          ],
          [
            -98.790833,
            20.008611
          ],
          [
            -98.787778,
            20.005833
          ],
          [
            -98.79,
            20.008333
          ],
          [
            -98.788889,
            20.009167
          ],
          [
            -98.786111,
            20.009167
          ],
          [
            -98.781944,
            20.006111
          ],
          [
            -98.778056,
            20.006111
          ],
          [
            -98.774444,
            20.004167
          ]
        ]
      }
    },
    {
      "type": "Feature",
      "properties": {
        "routeId": "tuzobus-ra-2d-vuelta",
        "name": "RA- 2D C. VIÑEDOS / CETRAM TÉLLEZ (vuelta)",
        "externalId": "RA- 2D",
        "origin": "FRACCIONAMIENTO VIÑEDOS",
        "destination": "Zempoala, 43845 Hgo.",
        "source": "tuzobus_oficial",
        "sourceLabel": "Tuzobus oficial",
        "sourceUrl": "https://p-tuzobus.hidalgo.gob.mx/",
        "routeType": "tuzobus_alimentadora",
        "color": "#7C3AED",
        "fare": "$10 aprox.",
        "frequency": "Por confirmar",
        "schedule": "Lunes a Viernes de 05:30 a 22:30 hrs, Sabados de 06:00 a 22:00 hrs y Domingo de 7:00 a 22:00 hrs",
        "status": "validated",
        "updatedAt": "2026-06-06",
        "featureIndex": 0
      },
      "geometry": {
        "type": "LineString",
        "coordinates": [
          [
            -98.782222,
            19.975556
          ],
          [
            -98.774444,
            20.004167
          ],
          [
            -98.779444,
            20.009167
          ],
          [
            -98.778889,
            20.011111
          ],
          [
            -98.774722,
            20.011389
          ],
          [
            -98.781944,
            20.009444
          ],
          [
            -98.788889,
            20.009444
          ],
          [
            -98.788889,
            20.009444
          ],
          [
            -98.781944,
            20.006111
          ],
          [
            -98.778056,
            20.006111
          ],
          [
            -98.803889,
            20.011944
          ]
        ]
      }
    },
    {
      "type": "Feature",
      "properties": {
        "routeId": "tuzobus-ra-02-e-ida",
        "name": "RA 02-E FRAC. AMORES DE DON JUAN / CETRAM TÉLLEZ (ida)",
        "externalId": "RA 02-E",
        "origin": "FRACCIONAMIENTO VIÑEDOS/AMORES DE DON JUAN/PRIVADA PORTOBELLO",
        "destination": "Av. Rebeca, 43845 Privadas Santa Matilde",
        "source": "tuzobus_oficial",
        "sourceLabel": "Tuzobus oficial",
        "sourceUrl": "https://p-tuzobus.hidalgo.gob.mx/",
        "routeType": "tuzobus_alimentadora",
        "color": "#2563EB",
        "fare": "$10 aprox.",
        "frequency": "Por confirmar",
        "schedule": "Lunes a Viernes de 05:30 a 22:30 hrs, Sabados de 06:00 a 22:00 hrs y Domingo de 7:00 a 22:00 hrs",
        "status": "validated",
        "updatedAt": "2026-06-06",
        "featureIndex": 0
      },
      "geometry": {
        "type": "LineString",
        "coordinates": [
          [
            -98.803611,
            20.011111
          ],
          [
            -98.803611,
            20.011111
          ],
          [
            -98.803056,
            20.01
          ],
          [
            -98.799722,
            20.009722
          ],
          [
            -98.796944,
            20.009722
          ],
          [
            -98.794167,
            20.01
          ],
          [
            -98.792222,
            20.009722
          ],
          [
            -98.791944,
            20.010278
          ],
          [
            -98.793333,
            20.011944
          ],
          [
            -98.791667,
            20.011944
          ],
          [
            -98.7875,
            20.011944
          ],
          [
            -98.791667,
            20.013611
          ]
        ]
      }
    },
    {
      "type": "Feature",
      "properties": {
        "routeId": "tuzobus-ra-02-e-vuelta",
        "name": "RA 02-E FRAC. AMORES DE DON JUAN / CETRAM TÉLLEZ (vuelta)",
        "externalId": "RA 02-E",
        "origin": "FRACCIONAMIENTO VIÑEDOS/AMORES DE DON JUAN/PRIVADA PORTOBELLO",
        "destination": "43845 Hgo.",
        "source": "tuzobus_oficial",
        "sourceLabel": "Tuzobus oficial",
        "sourceUrl": "https://p-tuzobus.hidalgo.gob.mx/",
        "routeType": "tuzobus_alimentadora",
        "color": "#7C3AED",
        "fare": "$10 aprox.",
        "frequency": "Por confirmar",
        "schedule": "Lunes a Viernes de 05:30 a 22:30 hrs, Sabados de 06:00 a 22:00 hrs y Domingo de 7:00 a 22:00 hrs",
        "status": "validated",
        "updatedAt": "2026-06-06",
        "featureIndex": 0
      },
      "geometry": {
        "type": "LineString",
        "coordinates": [
          [
            -98.791667,
            20.013611
          ],
          [
            -98.791667,
            20.013611
          ],
          [
            -98.791667,
            20.015833
          ],
          [
            -98.791667,
            20.017778
          ],
          [
            -98.794722,
            20.017778
          ],
          [
            -98.798333,
            20.0175
          ],
          [
            -98.796944,
            20.015278
          ],
          [
            -98.795278,
            20.013333
          ],
          [
            -98.794444,
            20.010278
          ],
          [
            -98.797222,
            20.010278
          ],
          [
            -98.8,
            20.010278
          ],
          [
            -98.803611,
            20.011111
          ]
        ]
      }
    },
    {
      "type": "Feature",
      "properties": {
        "routeId": "tuzobus-ra-03-ida",
        "name": "RA 03 BOSQUES DE MATILDE / E. EFRÉN REBOLLEDO (ida)",
        "externalId": "RA 03",
        "origin": "REAL TOLEDO, BOSQUES DE MATILDE/MINERAL DEL ORO",
        "destination": "Cumbreras, San Antonio, 42119 Pachuca de Soto, Hgo.",
        "source": "tuzobus_oficial",
        "sourceLabel": "Tuzobus oficial",
        "sourceUrl": "https://p-tuzobus.hidalgo.gob.mx/",
        "routeType": "tuzobus_alimentadora",
        "color": "#2563EB",
        "fare": "$10 aprox.",
        "frequency": "Por confirmar",
        "schedule": "Lunes a Viernes de 05:30 a 22:30 hrs, Sabados de 06:00 a 22:00 hrs y Domingo de 7:00 a 22:00 hrs",
        "status": "validated",
        "updatedAt": "2026-06-06",
        "featureIndex": 0
      },
      "geometry": {
        "type": "LineString",
        "coordinates": [
          [
            -98.7775,
            20.026944
          ],
          [
            -98.797778,
            20.035556
          ],
          [
            -98.791944,
            20.0325
          ],
          [
            -98.789722,
            20.031389
          ],
          [
            -98.7875,
            20.030556
          ],
          [
            -98.787222,
            20.033056
          ],
          [
            -98.786944,
            20.034444
          ],
          [
            -98.786111,
            20.037778
          ],
          [
            -98.781944,
            20.036944
          ],
          [
            -98.781944,
            20.033889
          ],
          [
            -98.782222,
            20.031111
          ],
          [
            -98.7825,
            20.027778
          ],
          [
            -98.779722,
            20.026389
          ],
          [
            -98.7775,
            20.026944
          ],
          [
            -98.776944,
            20.030556
          ]
        ]
      }
    },
    {
      "type": "Feature",
      "properties": {
        "routeId": "tuzobus-ra-03-vuelta",
        "name": "RA 03 BOSQUES DE MATILDE / E. EFRÉN REBOLLEDO (vuelta)",
        "externalId": "RA 03",
        "origin": "REAL TOLEDO, BOSQUES DE MATILDE/MINERAL DEL ORO",
        "destination": "Av. La Principal 2, Matilde, 42119 Pachuca de Soto, Hgo.",
        "source": "tuzobus_oficial",
        "sourceLabel": "Tuzobus oficial",
        "sourceUrl": "https://p-tuzobus.hidalgo.gob.mx/",
        "routeType": "tuzobus_alimentadora",
        "color": "#7C3AED",
        "fare": "$10 aprox.",
        "frequency": "Por confirmar",
        "schedule": "Lunes a Viernes de 05:30 a 22:30 hrs, Sabados de 06:00 a 22:00 hrs y Domingo de 7:00 a 22:00 hrs",
        "status": "validated",
        "updatedAt": "2026-06-06",
        "featureIndex": 0
      },
      "geometry": {
        "type": "LineString",
        "coordinates": [
          [
            -98.797778,
            20.035556
          ],
          [
            -98.776944,
            20.030556
          ],
          [
            -98.7775,
            20.026944
          ],
          [
            -98.779444,
            20.026389
          ],
          [
            -98.7825,
            20.027778
          ],
          [
            -98.783611,
            20.028333
          ],
          [
            -98.786667,
            20.03
          ],
          [
            -98.789444,
            20.031389
          ],
          [
            -98.791944,
            20.032778
          ],
          [
            -98.797778,
            20.035556
          ]
        ]
      }
    },
    {
      "type": "Feature",
      "properties": {
        "routeId": "tuzobus-ra-04-ida",
        "name": "RA 04 LA PALMA / E. TERCERA EDAD (ida)",
        "externalId": "RA 04",
        "origin": "LA PALMA/FRACC. LOMAS DE LA PLATA",
        "destination": "42083 Pachuca de Soto, Hgo.",
        "source": "tuzobus_oficial",
        "sourceLabel": "Tuzobus oficial",
        "sourceUrl": "https://p-tuzobus.hidalgo.gob.mx/",
        "routeType": "tuzobus_alimentadora",
        "color": "#2563EB",
        "fare": "$10 aprox.",
        "frequency": "Por confirmar",
        "schedule": "Lunes a Viernes de 05:30 a 22:30 hrs, Sabados de 06:00 a 22:00 hrs y Domingo de 7:00 a 22:00 hrs",
        "status": "validated",
        "updatedAt": "2026-06-06",
        "featureIndex": 0
      },
      "geometry": {
        "type": "LineString",
        "coordinates": [
          [
            -98.818611,
            20.048333
          ],
          [
            -98.818611,
            20.048333
          ],
          [
            -98.812778,
            20.046944
          ],
          [
            -98.809444,
            20.046389
          ],
          [
            -98.806111,
            20.045833
          ],
          [
            -98.803611,
            20.045278
          ],
          [
            -98.801667,
            20.044722
          ],
          [
            -98.799167,
            20.044444
          ],
          [
            -98.796667,
            20.043889
          ],
          [
            -98.795278,
            20.043611
          ],
          [
            -98.793611,
            20.042778
          ]
        ]
      }
    },
    {
      "type": "Feature",
      "properties": {
        "routeId": "tuzobus-ra-04-vuelta",
        "name": "RA 04 LA PALMA / E. TERCERA EDAD (vuelta)",
        "externalId": "RA 04",
        "origin": "LA PALMA/FRACC. LOMAS DE LA PLATA",
        "destination": "Pachuca de Soto, 42117 Hgo.",
        "source": "tuzobus_oficial",
        "sourceLabel": "Tuzobus oficial",
        "sourceUrl": "https://p-tuzobus.hidalgo.gob.mx/",
        "routeType": "tuzobus_alimentadora",
        "color": "#7C3AED",
        "fare": "$10 aprox.",
        "frequency": "Por confirmar",
        "schedule": "Lunes a Viernes de 05:30 a 22:30 hrs, Sabados de 06:00 a 22:00 hrs y Domingo de 7:00 a 22:00 hrs",
        "status": "validated",
        "updatedAt": "2026-06-06",
        "featureIndex": 0
      },
      "geometry": {
        "type": "LineString",
        "coordinates": [
          [
            -98.793611,
            20.042778
          ],
          [
            -98.797778,
            20.041667
          ],
          [
            -98.796944,
            20.044167
          ],
          [
            -98.799167,
            20.044722
          ],
          [
            -98.801944,
            20.045
          ],
          [
            -98.803333,
            20.045556
          ],
          [
            -98.806111,
            20.046111
          ],
          [
            -98.809167,
            20.046667
          ],
          [
            -98.813889,
            20.0475
          ],
          [
            -98.818611,
            20.048333
          ]
        ]
      }
    },
    {
      "type": "Feature",
      "properties": {
        "routeId": "tuzobus-ra-05-ida",
        "name": "RA-05 PARQUE URBANO / E. EJERCITO MEXICANO (ida)",
        "externalId": "RA-05",
        "origin": "PARQUE URBANO/SAN ANTONIO",
        "destination": "Av. Hidalgo 389, San Antonio el Desmonte, 42083 Pachuca de Soto, Hgo.",
        "source": "tuzobus_oficial",
        "sourceLabel": "Tuzobus oficial",
        "sourceUrl": "https://p-tuzobus.hidalgo.gob.mx/",
        "routeType": "tuzobus_alimentadora",
        "color": "#2563EB",
        "fare": "$10 aprox.",
        "frequency": "Por confirmar",
        "schedule": "Lunes a Viernes de 05:30 a 22:30 hrs, Sabados de 06:00 a 22:00 hrs y Domingo de 7:00 a 22:00 hrs",
        "status": "validated",
        "updatedAt": "2026-06-06",
        "featureIndex": 0
      },
      "geometry": {
        "type": "LineString",
        "coordinates": [
          [
            -98.778889,
            20.039722
          ],
          [
            -98.780833,
            20.040556
          ],
          [
            -98.781111,
            20.041389
          ],
          [
            -98.780833,
            20.044444
          ],
          [
            -98.780833,
            20.046667
          ],
          [
            -98.781389,
            20.046944
          ],
          [
            -98.783333,
            20.048056
          ],
          [
            -98.785556,
            20.049167
          ],
          [
            -98.787222,
            20.05
          ],
          [
            -98.788611,
            20.048889
          ]
        ]
      }
    },
    {
      "type": "Feature",
      "properties": {
        "routeId": "tuzobus-ra-05-vuelta",
        "name": "RA-05 PARQUE URBANO / E. EJERCITO MEXICANO (vuelta)",
        "externalId": "RA-05",
        "origin": "PARQUE URBANO/SAN ANTONIO",
        "destination": "Cto. San Antonio 100, Parque Urbano San Antonio, 42083 Pachuca de Soto, Hgo.",
        "source": "tuzobus_oficial",
        "sourceLabel": "Tuzobus oficial",
        "sourceUrl": "https://p-tuzobus.hidalgo.gob.mx/",
        "routeType": "tuzobus_alimentadora",
        "color": "#7C3AED",
        "fare": "$10 aprox.",
        "frequency": "Por confirmar",
        "schedule": "Lunes a Viernes de 05:30 a 22:30 hrs, Sabados de 06:00 a 22:00 hrs y Domingo de 7:00 a 22:00 hrs",
        "status": "validated",
        "updatedAt": "2026-06-06",
        "featureIndex": 0
      },
      "geometry": {
        "type": "LineString",
        "coordinates": [
          [
            -98.789444,
            20.049722
          ],
          [
            -98.788333,
            20.051944
          ],
          [
            -98.785833,
            20.050833
          ],
          [
            -98.784444,
            20.050278
          ],
          [
            -98.783889,
            20.048056
          ],
          [
            -98.781944,
            20.047222
          ],
          [
            -98.781111,
            20.043889
          ],
          [
            -98.781389,
            20.041667
          ],
          [
            -98.778889,
            20.039722
          ],
          [
            -98.780833,
            20.040556
          ]
        ]
      }
    },
    {
      "type": "Feature",
      "properties": {
        "routeId": "tuzobus-ra-06-ida",
        "name": "RA 06 HOGARES UNIÓN / E. EJERCITO MEXICANO (ida)",
        "externalId": "RA 06",
        "origin": "HOGARES UNION/TERECITAS/SAN ANTONIO",
        "destination": "México - Pachuca 2029A, San Antonio el Desmonte, 42111 Pachuca de Soto, Hgo.",
        "source": "tuzobus_oficial",
        "sourceLabel": "Tuzobus oficial",
        "sourceUrl": "https://p-tuzobus.hidalgo.gob.mx/",
        "routeType": "tuzobus_alimentadora",
        "color": "#2563EB",
        "fare": "$10 aprox.",
        "frequency": "Por confirmar",
        "schedule": "Lunes a Viernes de 05:30 a 22:30 hrs, Sabados de 06:00 a 22:00 hrs y Domingo de 7:00 a 22:00 hrs",
        "status": "validated",
        "updatedAt": "2026-06-06",
        "featureIndex": 0
      },
      "geometry": {
        "type": "LineString",
        "coordinates": [
          [
            -98.799167,
            20.058611
          ],
          [
            -98.797778,
            20.057778
          ],
          [
            -98.796667,
            20.056667
          ],
          [
            -98.795556,
            20.058056
          ],
          [
            -98.792778,
            20.056111
          ],
          [
            -98.790556,
            20.054444
          ],
          [
            -98.789444,
            20.053333
          ],
          [
            -98.788611,
            20.052222
          ]
        ]
      }
    },
    {
      "type": "Feature",
      "properties": {
        "routeId": "tuzobus-ra-06-vuelta",
        "name": "RA 06 HOGARES UNIÓN / E. EJERCITO MEXICANO (vuelta)",
        "externalId": "RA 06",
        "origin": "HOGARES UNION/TERECITAS/SAN ANTONIO",
        "destination": "Zona comercia, Bv. Paseos de la Plata Supermanzana Fracc Local 1, 42111 Pachuca de Soto, Hgo.",
        "source": "tuzobus_oficial",
        "sourceLabel": "Tuzobus oficial",
        "sourceUrl": "https://p-tuzobus.hidalgo.gob.mx/",
        "routeType": "tuzobus_alimentadora",
        "color": "#7C3AED",
        "fare": "$10 aprox.",
        "frequency": "Por confirmar",
        "schedule": "Lunes a Viernes de 05:30 a 22:30 hrs, Sabados de 06:00 a 22:00 hrs y Domingo de 7:00 a 22:00 hrs",
        "status": "validated",
        "updatedAt": "2026-06-06",
        "featureIndex": 0
      },
      "geometry": {
        "type": "LineString",
        "coordinates": [
          [
            -98.789722,
            20.050278
          ],
          [
            -98.790833,
            20.051111
          ],
          [
            -98.791389,
            20.052778
          ],
          [
            -98.793611,
            20.054444
          ],
          [
            -98.795,
            20.055556
          ],
          [
            -98.796667,
            20.056944
          ],
          [
            -98.797778,
            20.057778
          ],
          [
            -98.799167,
            20.058611
          ]
        ]
      }
    },
    {
      "type": "Feature",
      "properties": {
        "routeId": "tuzobus-ra-07-ida",
        "name": "RA 07 LA COLONIA / E. FELIPE ÁNGELES (ida)",
        "externalId": "RA 07",
        "origin": "RANCHO LA COLONIA/VILLAS DE PACHUCA",
        "destination": "Av. de las Aves 147-61, Villas de Pachuca, 42083 Pachuca de Soto, Hgo.",
        "source": "tuzobus_oficial",
        "sourceLabel": "Tuzobus oficial",
        "sourceUrl": "https://p-tuzobus.hidalgo.gob.mx/",
        "routeType": "tuzobus_alimentadora",
        "color": "#2563EB",
        "fare": "$10 aprox.",
        "frequency": "Por confirmar",
        "schedule": "Lunes a Viernes de 05:30 a 22:30 hrs, Sabados de 06:00 a 22:00 hrs y Domingo de 7:00 a 22:00 hrs",
        "status": "validated",
        "updatedAt": "2026-06-06",
        "featureIndex": 0
      },
      "geometry": {
        "type": "LineString",
        "coordinates": [
          [
            -98.771389,
            20.046389
          ],
          [
            -98.773056,
            20.047222
          ],
          [
            -98.775,
            20.048333
          ],
          [
            -98.7775,
            20.049722
          ],
          [
            -98.776944,
            20.051111
          ],
          [
            -98.775833,
            20.053056
          ],
          [
            -98.778333,
            20.052778
          ],
          [
            -98.779722,
            20.0525
          ],
          [
            -98.781944,
            20.052778
          ],
          [
            -98.783611,
            20.054167
          ],
          [
            -98.784722,
            20.055
          ]
        ]
      }
    },
    {
      "type": "Feature",
      "properties": {
        "routeId": "tuzobus-ra-07-vuelta",
        "name": "RA 07 LA COLONIA / E. FELIPE ÁNGELES (vuelta)",
        "externalId": "RA 07",
        "origin": "RANCHO LA COLONIA/VILLAS DE PACHUCA",
        "destination": "Av. Mexico, Rancho la Colonia, 42083 Pachuca de Soto, Hgo.",
        "source": "tuzobus_oficial",
        "sourceLabel": "Tuzobus oficial",
        "sourceUrl": "https://p-tuzobus.hidalgo.gob.mx/",
        "routeType": "tuzobus_alimentadora",
        "color": "#7C3AED",
        "fare": "$10 aprox.",
        "frequency": "Por confirmar",
        "schedule": "Lunes a Viernes de 05:30 a 22:30 hrs, Sabados de 06:00 a 22:00 hrs y Domingo de 7:00 a 22:00 hrs",
        "status": "validated",
        "updatedAt": "2026-06-06",
        "featureIndex": 0
      },
      "geometry": {
        "type": "LineString",
        "coordinates": [
          [
            -98.786111,
            20.055
          ],
          [
            -98.788611,
            20.052222
          ],
          [
            -98.783611,
            20.054167
          ],
          [
            -98.781944,
            20.052222
          ],
          [
            -98.779722,
            20.052222
          ],
          [
            -98.778611,
            20.052222
          ],
          [
            -98.778611,
            20.052222
          ],
          [
            -98.778056,
            20.049444
          ],
          [
            -98.775,
            20.048056
          ],
          [
            -98.771389,
            20.046389
          ]
        ]
      }
    },
    {
      "type": "Feature",
      "properties": {
        "routeId": "tuzobus-ra-08-ida",
        "name": "RA 08 TUZOS / E. VICENTE SEGURA (ida)",
        "externalId": "RA 08",
        "origin": "TUZOS/LOS PINOS/TULIPANES/GEO VILLAS/JUAN C. DORIA",
        "destination": "Av Nuevo Pachuca 102, 42000 Pachuca de Soto, Hgo.",
        "source": "tuzobus_oficial",
        "sourceLabel": "Tuzobus oficial",
        "sourceUrl": "https://p-tuzobus.hidalgo.gob.mx/",
        "routeType": "tuzobus_alimentadora",
        "color": "#2563EB",
        "fare": "$10 aprox.",
        "frequency": "Por confirmar",
        "schedule": "Lunes a Viernes de 05:30 a 22:30 hrs, Sabados de 06:00 a 22:00 hrs y Domingo de 7:00 a 22:00 hrs",
        "status": "validated",
        "updatedAt": "2026-06-06",
        "featureIndex": 0
      },
      "geometry": {
        "type": "LineString",
        "coordinates": [
          [
            -98.756667,
            20.052778
          ],
          [
            -98.756944,
            20.051389
          ],
          [
            -98.758056,
            20.051944
          ],
          [
            -98.759167,
            20.051944
          ],
          [
            -98.760278,
            20.052222
          ],
          [
            -98.760833,
            20.051111
          ],
          [
            -98.7625,
            20.051944
          ],
          [
            -98.764444,
            20.0525
          ],
          [
            -98.763889,
            20.054167
          ],
          [
            -98.763333,
            20.055556
          ],
          [
            -98.763056,
            20.0575
          ],
          [
            -98.762778,
            20.058889
          ],
          [
            -98.764167,
            20.059167
          ],
          [
            -98.765556,
            20.059444
          ],
          [
            -98.767778,
            20.059722
          ],
          [
            -98.768889,
            20.06
          ],
          [
            -98.771389,
            20.060556
          ],
          [
            -98.772778,
            20.060833
          ],
          [
            -98.777778,
            20.0625
          ],
          [
            -98.781111,
            20.065556
          ]
        ]
      }
    },
    {
      "type": "Feature",
      "properties": {
        "routeId": "tuzobus-ra-08-vuelta",
        "name": "RA 08 TUZOS / E. VICENTE SEGURA (vuelta)",
        "externalId": "RA 08",
        "origin": "TUZOS/LOS PINOS/TULIPANES/GEO VILLAS/JUAN C. DORIA",
        "destination": "Av. de los Ingenieros 651, Los Tuzos, 42185 Fraccionamientos del Sur, Hgo.",
        "source": "tuzobus_oficial",
        "sourceLabel": "Tuzobus oficial",
        "sourceUrl": "https://p-tuzobus.hidalgo.gob.mx/",
        "routeType": "tuzobus_alimentadora",
        "color": "#7C3AED",
        "fare": "$10 aprox.",
        "frequency": "Por confirmar",
        "schedule": "Lunes a Viernes de 05:30 a 22:30 hrs, Sabados de 06:00 a 22:00 hrs y Domingo de 7:00 a 22:00 hrs",
        "status": "validated",
        "updatedAt": "2026-06-06",
        "featureIndex": 0
      },
      "geometry": {
        "type": "LineString",
        "coordinates": [
          [
            -98.779444,
            20.068333
          ],
          [
            -98.776667,
            20.068611
          ],
          [
            -98.776667,
            20.066944
          ],
          [
            -98.776667,
            20.065278
          ],
          [
            -98.777778,
            20.0625
          ],
          [
            -98.774167,
            20.060833
          ],
          [
            -98.772778,
            20.06
          ],
          [
            -98.771389,
            20.060278
          ],
          [
            -98.769444,
            20.06
          ],
          [
            -98.768056,
            20.059722
          ],
          [
            -98.766111,
            20.059167
          ],
          [
            -98.764167,
            20.058889
          ],
          [
            -98.763056,
            20.058611
          ],
          [
            -98.763333,
            20.0575
          ],
          [
            -98.763611,
            20.055556
          ],
          [
            -98.764167,
            20.054167
          ],
          [
            -98.764444,
            20.0525
          ],
          [
            -98.762778,
            20.051667
          ],
          [
            -98.760833,
            20.051111
          ],
          [
            -98.760278,
            20.051944
          ],
          [
            -98.759167,
            20.051667
          ],
          [
            -98.759167,
            20.051667
          ],
          [
            -98.758056,
            20.053056
          ],
          [
            -98.756667,
            20.052778
          ]
        ]
      }
    },
    {
      "type": "Feature",
      "properties": {
        "routeId": "tuzobus-ra-09-ida",
        "name": "RA 09 PITAHAYAS / E. C. DE JUSTICIA (ida)",
        "externalId": "RA 09",
        "origin": "COLONIAS DE PACHUCA/HACIENDA LA HERRADURA/ PITAYAS",
        "destination": "Hacienda la Herradura, 42082 Pachuca de Soto, Hgo.",
        "source": "tuzobus_oficial",
        "sourceLabel": "Tuzobus oficial",
        "sourceUrl": "https://p-tuzobus.hidalgo.gob.mx/",
        "routeType": "tuzobus_alimentadora",
        "color": "#2563EB",
        "fare": "$10 aprox.",
        "frequency": "Por confirmar",
        "schedule": "Lunes a Viernes de 05:30 a 22:30 hrs, Sabados de 06:00 a 22:00 hrs y Domingo de 7:00 a 22:00 hrs",
        "status": "validated",
        "updatedAt": "2026-06-06",
        "featureIndex": 0
      },
      "geometry": {
        "type": "LineString",
        "coordinates": [
          [
            -98.7975,
            20.062778
          ],
          [
            -98.797222,
            20.063333
          ],
          [
            -98.7975,
            20.062778
          ],
          [
            -98.796944,
            20.063333
          ],
          [
            -98.796111,
            20.064167
          ],
          [
            -98.796111,
            20.064167
          ],
          [
            -98.794444,
            20.064167
          ],
          [
            -98.793056,
            20.064167
          ],
          [
            -98.790556,
            20.064722
          ],
          [
            -98.789444,
            20.065278
          ],
          [
            -98.787778,
            20.062222
          ]
        ]
      }
    },
    {
      "type": "Feature",
      "properties": {
        "routeId": "tuzobus-ra-09-vuelta",
        "name": "RA 09 PITAHAYAS / E. C. DE JUSTICIA (vuelta)",
        "externalId": "RA 09",
        "origin": "COLONIAS DE PACHUCA/HACIENDA LA HERRADURA/ PITAYAS",
        "destination": "Blvrd Hda. de Pitahayas, Pitahayas 1ra Secc, 42082 Pachuca de Soto, Hgo.",
        "source": "tuzobus_oficial",
        "sourceLabel": "Tuzobus oficial",
        "sourceUrl": "https://p-tuzobus.hidalgo.gob.mx/",
        "routeType": "tuzobus_alimentadora",
        "color": "#7C3AED",
        "fare": "$10 aprox.",
        "frequency": "Por confirmar",
        "schedule": "Lunes a Viernes de 05:30 a 22:30 hrs, Sabados de 06:00 a 22:00 hrs y Domingo de 7:00 a 22:00 hrs",
        "status": "validated",
        "updatedAt": "2026-06-06",
        "featureIndex": 0
      },
      "geometry": {
        "type": "LineString",
        "coordinates": [
          [
            -98.783889,
            20.06
          ],
          [
            -98.780833,
            20.058333
          ],
          [
            -98.779167,
            20.057222
          ],
          [
            -98.781389,
            20.055278
          ],
          [
            -98.7875,
            20.062222
          ],
          [
            -98.789722,
            20.065278
          ],
          [
            -98.790556,
            20.065
          ],
          [
            -98.793056,
            20.064167
          ],
          [
            -98.794167,
            20.064167
          ],
          [
            -98.795833,
            20.064444
          ],
          [
            -98.797222,
            20.063333
          ]
        ]
      }
    },
    {
      "type": "Feature",
      "properties": {
        "routeId": "tuzobus-ra-10-ida",
        "name": "RA 10 CAMELINAS / E. C. DE JUSTICIA (ida)",
        "externalId": "RA 10",
        "origin": "COLONIAS DE PACHUCA/HACIENDA LA HERRADURA/HACIENDAS HIDALGO/CAMELINAS/PARQUE ESMERALDA",
        "destination": "Hacienda la Herradura, 42082 Pachuca de Soto, Hgo.",
        "source": "tuzobus_oficial",
        "sourceLabel": "Tuzobus oficial",
        "sourceUrl": "https://p-tuzobus.hidalgo.gob.mx/",
        "routeType": "tuzobus_alimentadora",
        "color": "#2563EB",
        "fare": "$10 aprox.",
        "frequency": "Por confirmar",
        "schedule": "Lunes a Viernes de 05:30 a 22:30 hrs, Sabados de 06:00 a 22:00 hrs y Domingo de 7:00 a 22:00 hrs",
        "status": "validated",
        "updatedAt": "2026-06-06",
        "featureIndex": 0
      },
      "geometry": {
        "type": "LineString",
        "coordinates": [
          [
            -98.786111,
            20.075833
          ],
          [
            -98.786667,
            20.076667
          ],
          [
            -98.787222,
            20.077778
          ],
          [
            -98.786667,
            20.082222
          ],
          [
            -98.788611,
            20.076944
          ],
          [
            -98.790833,
            20.074722
          ],
          [
            -98.791111,
            20.069444
          ],
          [
            -98.790278,
            20.0675
          ],
          [
            -98.789444,
            20.065278
          ],
          [
            -98.787778,
            20.062222
          ]
        ]
      }
    },
    {
      "type": "Feature",
      "properties": {
        "routeId": "tuzobus-ra-10-vuelta",
        "name": "RA 10 CAMELINAS / E. C. DE JUSTICIA (vuelta)",
        "externalId": "RA 10",
        "origin": "COLONIAS DE PACHUCA/HACIENDA LA HERRADURA/HACIENDAS HIDALGO/CAMELINAS/PARQUE ESMERALDA",
        "destination": "Bugambilias 219-134, Paseo de Camelinas, 42084 Pachuca de Soto, Hgo.",
        "source": "tuzobus_oficial",
        "sourceLabel": "Tuzobus oficial",
        "sourceUrl": "https://p-tuzobus.hidalgo.gob.mx/",
        "routeType": "tuzobus_alimentadora",
        "color": "#7C3AED",
        "fare": "$10 aprox.",
        "frequency": "Por confirmar",
        "schedule": "Lunes a Viernes de 05:30 a 22:30 hrs, Sabados de 06:00 a 22:00 hrs y Domingo de 7:00 a 22:00 hrs",
        "status": "validated",
        "updatedAt": "2026-06-06",
        "featureIndex": 0
      },
      "geometry": {
        "type": "LineString",
        "coordinates": [
          [
            -98.783889,
            20.06
          ],
          [
            -98.780833,
            20.058333
          ],
          [
            -98.778889,
            20.057222
          ],
          [
            -98.781389,
            20.055
          ],
          [
            -98.7875,
            20.062222
          ],
          [
            -98.788611,
            20.064722
          ],
          [
            -98.789167,
            20.066111
          ],
          [
            -98.790556,
            20.068889
          ],
          [
            -98.790833,
            20.074444
          ],
          [
            -98.788611,
            20.076389
          ],
          [
            -98.7875,
            20.0775
          ],
          [
            -98.786667,
            20.076667
          ],
          [
            -98.786111,
            20.075833
          ],
          [
            -98.786667,
            20.076667
          ]
        ]
      }
    },
    {
      "type": "Feature",
      "properties": {
        "routeId": "tuzobus-ra-11-ida",
        "name": "RA 11 HUIXMÍ / E. C. DE JUSTICIA (ida)",
        "externalId": "RA 11",
        "origin": "COLONIAS DE PACHUCA/HACIENDA LA HERRADURA/HACIENDAS HIDALGO/LAS TORRES/SANTA GERTRUDIS/EL HUIXMI",
        "destination": "Hacienda la Herradura, 42082 Pachuca de Soto, Hgo.",
        "source": "tuzobus_oficial",
        "sourceLabel": "Tuzobus oficial",
        "sourceUrl": "https://p-tuzobus.hidalgo.gob.mx/",
        "routeType": "tuzobus_alimentadora",
        "color": "#2563EB",
        "fare": "$10 aprox.",
        "frequency": "Por confirmar",
        "schedule": "Lunes a Viernes de 05:30 a 22:30 hrs, Sabados de 06:00 a 22:00 hrs y Domingo de 7:00 a 22:00 hrs",
        "status": "validated",
        "updatedAt": "2026-06-06",
        "featureIndex": 0
      },
      "geometry": {
        "type": "LineString",
        "coordinates": [
          [
            -98.816111,
            20.070833
          ],
          [
            -98.815278,
            20.072222
          ],
          [
            -98.816944,
            20.073333
          ],
          [
            -98.818333,
            20.073333
          ],
          [
            -98.818333,
            20.075556
          ],
          [
            -98.819444,
            20.075833
          ],
          [
            -98.818333,
            20.076667
          ],
          [
            -98.816389,
            20.077778
          ],
          [
            -98.809444,
            20.084722
          ],
          [
            -98.808056,
            20.085833
          ],
          [
            -98.806667,
            20.086944
          ],
          [
            -98.804444,
            20.088056
          ],
          [
            -98.800556,
            20.09
          ],
          [
            -98.7975,
            20.083056
          ],
          [
            -98.796667,
            20.080833
          ],
          [
            -98.794167,
            20.075556
          ],
          [
            -98.793333,
            20.073889
          ],
          [
            -98.791111,
            20.069444
          ],
          [
            -98.790278,
            20.0675
          ],
          [
            -98.789444,
            20.065556
          ],
          [
            -98.787778,
            20.062222
          ]
        ]
      }
    },
    {
      "type": "Feature",
      "properties": {
        "routeId": "tuzobus-ra-11-vuelta",
        "name": "RA 11 HUIXMÍ / E. C. DE JUSTICIA (vuelta)",
        "externalId": "RA 11",
        "origin": "COLONIAS DE PACHUCA/HACIENDA LA HERRADURA/HACIENDAS HIDALGO/LAS TORRES/SANTA GERTRUDIS/EL HUIXMI",
        "destination": "Mayas, 42115 El Huixmí, Hgo.",
        "source": "tuzobus_oficial",
        "sourceLabel": "Tuzobus oficial",
        "sourceUrl": "https://p-tuzobus.hidalgo.gob.mx/",
        "routeType": "tuzobus_alimentadora",
        "color": "#7C3AED",
        "fare": "$10 aprox.",
        "frequency": "Por confirmar",
        "schedule": "Lunes a Viernes de 05:30 a 22:30 hrs, Sabados de 06:00 a 22:00 hrs y Domingo de 7:00 a 22:00 hrs",
        "status": "validated",
        "updatedAt": "2026-06-06",
        "featureIndex": 0
      },
      "geometry": {
        "type": "LineString",
        "coordinates": [
          [
            -98.783889,
            20.06
          ],
          [
            -98.780833,
            20.058333
          ],
          [
            -98.778889,
            20.057222
          ],
          [
            -98.781389,
            20.055
          ],
          [
            -98.7875,
            20.062222
          ],
          [
            -98.788611,
            20.064722
          ],
          [
            -98.789167,
            20.066111
          ],
          [
            -98.790556,
            20.068889
          ],
          [
            -98.792778,
            20.073889
          ],
          [
            -98.793889,
            20.075833
          ],
          [
            -98.796111,
            20.080833
          ],
          [
            -98.797222,
            20.083333
          ],
          [
            -98.800278,
            20.09
          ],
          [
            -98.804444,
            20.088333
          ],
          [
            -98.806667,
            20.086944
          ],
          [
            -98.808056,
            20.086111
          ],
          [
            -98.809444,
            20.084722
          ],
          [
            -98.816667,
            20.078056
          ],
          [
            -98.818333,
            20.076944
          ],
          [
            -98.819444,
            20.075833
          ],
          [
            -98.819444,
            20.074444
          ],
          [
            -98.819444,
            20.073333
          ],
          [
            -98.818333,
            20.073333
          ],
          [
            -98.817222,
            20.073333
          ],
          [
            -98.815556,
            20.072222
          ],
          [
            -98.816389,
            20.071111
          ],
          [
            -98.816111,
            20.070833
          ]
        ]
      }
    },
    {
      "type": "Feature",
      "properties": {
        "routeId": "tuzobus-ra-12-ida",
        "name": "RA 12 MAGISTERIO / E. JUAN C DORIA (ida)",
        "externalId": "RA 12",
        "origin": "MAGISTERIO/LOS PINOS/TULIPANES/GEO VILLAS/JUAN C. DORIA",
        "destination": "Distribuidor Vial Pl. de Toros, 42083 Pachuca de Soto, Hgo.",
        "source": "tuzobus_oficial",
        "sourceLabel": "Tuzobus oficial",
        "sourceUrl": "https://p-tuzobus.hidalgo.gob.mx/",
        "routeType": "tuzobus_alimentadora",
        "color": "#2563EB",
        "fare": "$10 aprox.",
        "frequency": "Por confirmar",
        "schedule": "Lunes a Viernes de 05:30 a 22:30 hrs, Sabados de 06:00 a 22:00 hrs y Domingo de 7:00 a 22:00 hrs",
        "status": "validated",
        "updatedAt": "2026-06-06",
        "featureIndex": 0
      },
      "geometry": {
        "type": "LineString",
        "coordinates": [
          [
            -98.770556,
            20.054722
          ],
          [
            -98.769722,
            20.055556
          ],
          [
            -98.769444,
            20.056389
          ],
          [
            -98.768333,
            20.057778
          ],
          [
            -98.767778,
            20.059722
          ],
          [
            -98.769444,
            20.060278
          ],
          [
            -98.772778,
            20.060833
          ],
          [
            -98.7775,
            20.0625
          ],
          [
            -98.781389,
            20.064722
          ]
        ]
      }
    },
    {
      "type": "Feature",
      "properties": {
        "routeId": "tuzobus-ra-12-vuelta",
        "name": "RA 12 MAGISTERIO / E. JUAN C DORIA (vuelta)",
        "externalId": "RA 12",
        "origin": "MAGISTERIO/LOS PINOS/TULIPANES/GEO VILLAS/JUAN C. DORIA",
        "destination": "C. Quetzalcoatl 545-433, La Colonia, 42185 Pachuca de Soto, Hgo.",
        "source": "tuzobus_oficial",
        "sourceLabel": "Tuzobus oficial",
        "sourceUrl": "https://p-tuzobus.hidalgo.gob.mx/",
        "routeType": "tuzobus_alimentadora",
        "color": "#7C3AED",
        "fare": "$10 aprox.",
        "frequency": "Por confirmar",
        "schedule": "Lunes a Viernes de 05:30 a 22:30 hrs, Sabados de 06:00 a 22:00 hrs y Domingo de 7:00 a 22:00 hrs",
        "status": "validated",
        "updatedAt": "2026-06-06",
        "featureIndex": 0
      },
      "geometry": {
        "type": "LineString",
        "coordinates": [
          [
            -98.779444,
            20.068333
          ],
          [
            -98.776389,
            20.068611
          ],
          [
            -98.776389,
            20.066667
          ],
          [
            -98.776667,
            20.065
          ],
          [
            -98.777222,
            20.063333
          ],
          [
            -98.777778,
            20.0625
          ],
          [
            -98.774167,
            20.060833
          ],
          [
            -98.772778,
            20.06
          ],
          [
            -98.771389,
            20.060278
          ],
          [
            -98.769444,
            20.06
          ],
          [
            -98.768056,
            20.059444
          ],
          [
            -98.768611,
            20.057778
          ],
          [
            -98.769722,
            20.056667
          ],
          [
            -98.770278,
            20.055833
          ],
          [
            -98.770556,
            20.054722
          ]
        ]
      }
    },
    {
      "type": "Feature",
      "properties": {
        "routeId": "tuzobus-ra-13-ida",
        "name": "RA 13 EL VENADO / E. HOSPITALES (ida)",
        "externalId": "RA 13",
        "origin": "ISSTE/REAL DE LA PLATA/EL VENADO/LOS TUZOS",
        "destination": "Av Río Papaloapan, Issste, 42083 Pachuca de Soto, Hgo.",
        "source": "tuzobus_oficial",
        "sourceLabel": "Tuzobus oficial",
        "sourceUrl": "https://p-tuzobus.hidalgo.gob.mx/",
        "routeType": "tuzobus_alimentadora",
        "color": "#2563EB",
        "fare": "$10 aprox.",
        "frequency": "Por confirmar",
        "schedule": "Lunes a Viernes de 05:30 a 22:30 hrs, Sabados de 06:00 a 22:00 hrs y Domingo de 7:00 a 22:00 hrs",
        "status": "validated",
        "updatedAt": "2026-06-06",
        "featureIndex": 0
      },
      "geometry": {
        "type": "LineString",
        "coordinates": [
          [
            -98.754167,
            20.055278
          ],
          [
            -98.754444,
            20.055833
          ],
          [
            -98.756944,
            20.056667
          ],
          [
            -98.7575,
            20.058611
          ],
          [
            -98.758333,
            20.06
          ],
          [
            -98.758611,
            20.061667
          ],
          [
            -98.758333,
            20.062778
          ],
          [
            -98.758333,
            20.064444
          ],
          [
            -98.759722,
            20.065278
          ],
          [
            -98.761667,
            20.066111
          ],
          [
            -98.767222,
            20.068889
          ],
          [
            -98.769444,
            20.071111
          ],
          [
            -98.769722,
            20.071667
          ],
          [
            -98.770278,
            20.0725
          ],
          [
            -98.771667,
            20.073889
          ],
          [
            -98.773333,
            20.073889
          ],
          [
            -98.775,
            20.074444
          ]
        ]
      }
    },
    {
      "type": "Feature",
      "properties": {
        "routeId": "tuzobus-ra-13-vuelta",
        "name": "RA 13 EL VENADO / E. HOSPITALES (vuelta)",
        "externalId": "RA 13",
        "origin": "ISSTE/REAL DE LA PLATA/EL VENADO/LOS TUZOS",
        "destination": "Av. de los Ingenieros 527-515, Los Tuzos, 42185 Fraccionamientos del Sur, Hgo.",
        "source": "tuzobus_oficial",
        "sourceLabel": "Tuzobus oficial",
        "sourceUrl": "https://p-tuzobus.hidalgo.gob.mx/",
        "routeType": "tuzobus_alimentadora",
        "color": "#7C3AED",
        "fare": "$10 aprox.",
        "frequency": "Por confirmar",
        "schedule": "Lunes a Viernes de 05:30 a 22:30 hrs, Sabados de 06:00 a 22:00 hrs y Domingo de 7:00 a 22:00 hrs",
        "status": "validated",
        "updatedAt": "2026-06-06",
        "featureIndex": 0
      },
      "geometry": {
        "type": "LineString",
        "coordinates": [
          [
            -98.776667,
            20.073889
          ],
          [
            -98.775,
            20.074167
          ],
          [
            -98.773611,
            20.073611
          ],
          [
            -98.771667,
            20.073611
          ],
          [
            -98.770556,
            20.072778
          ],
          [
            -98.77,
            20.071667
          ],
          [
            -98.769722,
            20.070833
          ],
          [
            -98.7675,
            20.068889
          ],
          [
            -98.762222,
            20.066111
          ],
          [
            -98.76,
            20.065
          ],
          [
            -98.758333,
            20.064167
          ],
          [
            -98.758611,
            20.062778
          ],
          [
            -98.758889,
            20.061667
          ],
          [
            -98.758333,
            20.059722
          ],
          [
            -98.757222,
            20.058056
          ],
          [
            -98.757222,
            20.056667
          ],
          [
            -98.759167,
            20.057222
          ],
          [
            -98.758056,
            20.056667
          ],
          [
            -98.754167,
            20.055278
          ]
        ]
      }
    },
    {
      "type": "Feature",
      "properties": {
        "routeId": "tuzobus-ra-14-ida",
        "name": "RA 14 NOPANCALCO / E. BICENTENARIO (ida)",
        "externalId": "RA 14",
        "origin": "SAN PEDRO NOPANCALCO, EL TEZONTLE, VENTAPRIETA",
        "destination": "Tezontle, Venta Prieta, 42083 Pachuca de Soto, Hgo.",
        "source": "tuzobus_oficial",
        "sourceLabel": "Tuzobus oficial",
        "sourceUrl": "https://p-tuzobus.hidalgo.gob.mx/",
        "routeType": "tuzobus_alimentadora",
        "color": "#2563EB",
        "fare": "$10 aprox.",
        "frequency": "Por confirmar",
        "schedule": "Lunes a Viernes de 05:30 a 22:30 hrs, Sabados de 06:00 a 22:00 hrs y Domingo de 7:00 a 22:00 hrs",
        "status": "validated",
        "updatedAt": "2026-06-06",
        "featureIndex": 0
      },
      "geometry": {
        "type": "LineString",
        "coordinates": [
          [
            -98.796111,
            20.088889
          ],
          [
            -98.795278,
            20.088333
          ],
          [
            -98.793611,
            20.0875
          ],
          [
            -98.794167,
            20.086667
          ],
          [
            -98.795,
            20.085
          ],
          [
            -98.793333,
            20.086111
          ],
          [
            -98.792222,
            20.087778
          ],
          [
            -98.790833,
            20.088611
          ],
          [
            -98.79,
            20.09
          ],
          [
            -98.788611,
            20.089444
          ],
          [
            -98.786944,
            20.088889
          ],
          [
            -98.785833,
            20.086944
          ],
          [
            -98.785833,
            20.083611
          ],
          [
            -98.785833,
            20.084722
          ],
          [
            -98.785278,
            20.091944
          ],
          [
            -98.780556,
            20.090278
          ],
          [
            -98.778889,
            20.089722
          ],
          [
            -98.776389,
            20.089722
          ],
          [
            -98.775,
            20.089444
          ],
          [
            -98.771944,
            20.088611
          ]
        ]
      }
    },
    {
      "type": "Feature",
      "properties": {
        "routeId": "tuzobus-ra-14-vuelta",
        "name": "RA 14 NOPANCALCO / E. BICENTENARIO (vuelta)",
        "externalId": "RA 14",
        "origin": "SAN PEDRO NOPANCALCO, EL TEZONTLE, VENTAPRIETA",
        "destination": "C. 30 de Julio 790, San Pedro Nopancalco, 42084 Pachuca de Soto, Hgo.",
        "source": "tuzobus_oficial",
        "sourceLabel": "Tuzobus oficial",
        "sourceUrl": "https://p-tuzobus.hidalgo.gob.mx/",
        "routeType": "tuzobus_alimentadora",
        "color": "#7C3AED",
        "fare": "$10 aprox.",
        "frequency": "Por confirmar",
        "schedule": "Lunes a Viernes de 05:30 a 22:30 hrs, Sabados de 06:00 a 22:00 hrs y Domingo de 7:00 a 22:00 hrs",
        "status": "validated",
        "updatedAt": "2026-06-06",
        "featureIndex": 0
      },
      "geometry": {
        "type": "LineString",
        "coordinates": [
          [
            -98.771667,
            20.088611
          ],
          [
            -98.774444,
            20.089444
          ],
          [
            -98.776389,
            20.089722
          ],
          [
            -98.778889,
            20.09
          ],
          [
            -98.780556,
            20.090556
          ],
          [
            -98.785278,
            20.091944
          ],
          [
            -98.785833,
            20.091944
          ],
          [
            -98.786944,
            20.088889
          ],
          [
            -98.788611,
            20.089444
          ],
          [
            -98.79,
            20.090278
          ],
          [
            -98.790833,
            20.088889
          ],
          [
            -98.7925,
            20.088056
          ],
          [
            -98.793611,
            20.0875
          ],
          [
            -98.795278,
            20.088333
          ],
          [
            -98.796111,
            20.088889
          ]
        ]
      }
    },
    {
      "type": "Feature",
      "properties": {
        "routeId": "tuzobus-ra-15-a-ida",
        "name": "RA 15-A SAN CAYETANO / E. C. DE AUTOBUSES (ida)",
        "externalId": "RA 15-A",
        "origin": "LA LOMA/AMPLIACION EL PALMAR/SAN CAYETANO/AMPLIACION SANTA JULIA",
        "destination": "Jaime Torres Bodet, 42064 Pachuca de Soto, Hgo.",
        "source": "tuzobus_oficial",
        "sourceLabel": "Tuzobus oficial",
        "sourceUrl": "https://p-tuzobus.hidalgo.gob.mx/",
        "routeType": "tuzobus_alimentadora",
        "color": "#2563EB",
        "fare": "$10 aprox.",
        "frequency": "Por confirmar",
        "schedule": "Lunes a Viernes de 05:30 a 22:30 hrs, Sabados de 06:00 a 22:00 hrs y Domingo de 7:00 a 22:00 hrs",
        "status": "validated",
        "updatedAt": "2026-06-06",
        "featureIndex": 0
      },
      "geometry": {
        "type": "LineString",
        "coordinates": [
          [
            -98.806667,
            20.101944
          ],
          [
            -98.804722,
            20.102222
          ],
          [
            -98.802778,
            20.102778
          ],
          [
            -98.800833,
            20.103056
          ],
          [
            -98.798611,
            20.103611
          ],
          [
            -98.796667,
            20.104167
          ],
          [
            -98.797222,
            20.106389
          ],
          [
            -98.795833,
            20.106667
          ],
          [
            -98.793889,
            20.107222
          ],
          [
            -98.792222,
            20.106944
          ],
          [
            -98.79,
            20.106389
          ],
          [
            -98.787222,
            20.106667
          ],
          [
            -98.785,
            20.107222
          ],
          [
            -98.783611,
            20.107222
          ],
          [
            -98.781667,
            20.1075
          ],
          [
            -98.778889,
            20.107222
          ],
          [
            -98.78,
            20.103333
          ],
          [
            -98.778333,
            20.1075
          ],
          [
            -98.776389,
            20.106667
          ],
          [
            -98.775278,
            20.106667
          ],
          [
            -98.775278,
            20.104722
          ],
          [
            -98.775278,
            20.102778
          ],
          [
            -98.7725,
            20.102778
          ],
          [
            -98.769444,
            20.102778
          ],
          [
            -98.769167,
            20.100556
          ],
          [
            -98.766944,
            20.101944
          ],
          [
            -98.765278,
            20.101944
          ],
          [
            -98.760833,
            20.102222
          ]
        ]
      }
    },
    {
      "type": "Feature",
      "properties": {
        "routeId": "tuzobus-ra-15-a-vuelta",
        "name": "RA 15-A SAN CAYETANO / E. C. DE AUTOBUSES (vuelta)",
        "externalId": "RA 15-A",
        "origin": "LA LOMA/AMPLIACION EL PALMAR/SAN CAYETANO/AMPLIACION SANTA JULIA",
        "destination": "Loma Bonita, Pachuca de Soto, Hgo.",
        "source": "tuzobus_oficial",
        "sourceLabel": "Tuzobus oficial",
        "sourceUrl": "https://p-tuzobus.hidalgo.gob.mx/",
        "routeType": "tuzobus_alimentadora",
        "color": "#7C3AED",
        "fare": "$10 aprox.",
        "frequency": "Por confirmar",
        "schedule": "Lunes a Viernes de 05:30 a 22:30 hrs, Sabados de 06:00 a 22:00 hrs y Domingo de 7:00 a 22:00 hrs",
        "status": "validated",
        "updatedAt": "2026-06-06",
        "featureIndex": 0
      },
      "geometry": {
        "type": "LineString",
        "coordinates": [
          [
            -98.752222,
            20.106389
          ],
          [
            -98.761111,
            20.1025
          ],
          [
            -98.765,
            20.098889
          ],
          [
            -98.771944,
            20.098333
          ],
          [
            -98.768889,
            20.100833
          ],
          [
            -98.769444,
            20.102778
          ],
          [
            -98.7725,
            20.102778
          ],
          [
            -98.775278,
            20.102778
          ],
          [
            -98.775278,
            20.105
          ],
          [
            -98.775,
            20.1075
          ],
          [
            -98.776389,
            20.107778
          ],
          [
            -98.778333,
            20.108333
          ],
          [
            -98.778889,
            20.107778
          ],
          [
            -98.781667,
            20.1075
          ],
          [
            -98.783611,
            20.1075
          ],
          [
            -98.785278,
            20.107222
          ],
          [
            -98.788056,
            20.106667
          ],
          [
            -98.790278,
            20.106667
          ],
          [
            -98.7925,
            20.106944
          ],
          [
            -98.793611,
            20.107222
          ],
          [
            -98.795556,
            20.106944
          ],
          [
            -98.7975,
            20.106389
          ],
          [
            -98.796944,
            20.104444
          ],
          [
            -98.798611,
            20.103889
          ],
          [
            -98.799444,
            20.10361
          ],
          [
            -98.800833,
            20.103333
          ],
          [
            -98.802778,
            20.102778
          ],
          [
            -98.804722,
            20.1025
          ],
          [
            -98.806667,
            20.101944
          ]
        ]
      }
    },
    {
      "type": "Feature",
      "properties": {
        "routeId": "tuzobus-ra-15b-ida",
        "name": "RA-15B ABETOS / E. C. DE AUTOBUSES (ida)",
        "externalId": "RA-15B",
        "origin": "ABETOS/AMPLIACION EL PALMAR/SAN CAYETANO/AMPLIACION SANTA JULIA",
        "destination": "Jaime Torres Bodet, 42064 Pachuca de Soto, Hgo.",
        "source": "tuzobus_oficial",
        "sourceLabel": "Tuzobus oficial",
        "sourceUrl": "https://p-tuzobus.hidalgo.gob.mx/",
        "routeType": "tuzobus_alimentadora",
        "color": "#2563EB",
        "fare": "$10 aprox.",
        "frequency": "Por confirmar",
        "schedule": "Lunes a Viernes de 05:30 a 22:30 hrs, Sabados de 06:00 a 22:00 hrs y Domingo de 7:00 a 22:00 hrs",
        "status": "validated",
        "updatedAt": "2026-06-06",
        "featureIndex": 0
      },
      "geometry": {
        "type": "LineString",
        "coordinates": [
          [
            -98.800833,
            20.114722
          ],
          [
            -98.795833,
            20.112778
          ],
          [
            -98.791389,
            20.111111
          ],
          [
            -98.788056,
            20.110556
          ],
          [
            -98.784444,
            20.109722
          ],
          [
            -98.783889,
            20.111944
          ],
          [
            -98.784444,
            20.113611
          ],
          [
            -98.784167,
            20.115278
          ],
          [
            -98.783611,
            20.116667
          ],
          [
            -98.781389,
            20.116667
          ],
          [
            -98.778889,
            20.114722
          ],
          [
            -98.775,
            20.111111
          ],
          [
            -98.771944,
            20.108333
          ],
          [
            -98.77,
            20.106111
          ],
          [
            -98.767778,
            20.104444
          ],
          [
            -98.765278,
            20.101944
          ],
          [
            -98.760833,
            20.102222
          ]
        ]
      }
    },
    {
      "type": "Feature",
      "properties": {
        "routeId": "tuzobus-ra-15b-vuelta",
        "name": "RA-15B ABETOS / E. C. DE AUTOBUSES (vuelta)",
        "externalId": "RA-15B",
        "origin": "ABETOS/AMPLIACION EL PALMAR/SAN CAYETANO/AMPLIACION SANTA JULIA",
        "destination": "Río Camarones, 42088 Pachuca de Soto, Hgo.",
        "source": "tuzobus_oficial",
        "sourceLabel": "Tuzobus oficial",
        "sourceUrl": "https://p-tuzobus.hidalgo.gob.mx/",
        "routeType": "tuzobus_alimentadora",
        "color": "#7C3AED",
        "fare": "$10 aprox.",
        "frequency": "Por confirmar",
        "schedule": "Lunes a Viernes de 05:30 a 22:30 hrs, Sabados de 06:00 a 22:00 hrs y Domingo de 7:00 a 22:00 hrs",
        "status": "validated",
        "updatedAt": "2026-06-06",
        "featureIndex": 0
      },
      "geometry": {
        "type": "LineString",
        "coordinates": [
          [
            -98.752222,
            20.106389
          ],
          [
            -98.761111,
            20.1025
          ],
          [
            -98.765556,
            20.102778
          ],
          [
            -98.768333,
            20.105278
          ],
          [
            -98.769444,
            20.106389
          ],
          [
            -98.771667,
            20.108611
          ],
          [
            -98.774444,
            20.111111
          ],
          [
            -98.775833,
            20.112222
          ],
          [
            -98.776944,
            20.113611
          ],
          [
            -98.78,
            20.116111
          ],
          [
            -98.785833,
            20.120833
          ],
          [
            -98.785556,
            20.120278
          ],
          [
            -98.784444,
            20.115
          ],
          [
            -98.784444,
            20.113333
          ],
          [
            -98.783889,
            20.111944
          ],
          [
            -98.784167,
            20.109722
          ],
          [
            -98.788333,
            20.110833
          ],
          [
            -98.791944,
            20.111389
          ],
          [
            -98.796389,
            20.113056
          ],
          [
            -98.798333,
            20.113889
          ],
          [
            -98.800833,
            20.114722
          ]
        ]
      }
    },
    {
      "type": "Feature",
      "properties": {
        "routeId": "tuzobus-ra-15-c-ida",
        "name": "RA 15-C FRACC. COLOSIO / E. C. DE AUTOBUSES (ida)",
        "externalId": "RA 15-C",
        "origin": "COLOSIO/PUNTA AZUL/PIRACANTOS/AMPLIACION SANTA JULIA",
        "destination": "Blvrd Felipe Angeles 309, Jaime Torres Bodet, 42080 Pachuca de Soto, Hgo.",
        "source": "tuzobus_oficial",
        "sourceLabel": "Tuzobus oficial",
        "sourceUrl": "https://p-tuzobus.hidalgo.gob.mx/",
        "routeType": "tuzobus_alimentadora",
        "color": "#2563EB",
        "fare": "$10 aprox.",
        "frequency": "Por confirmar",
        "schedule": "Lunes a Viernes de 05:30 a 22:30 hrs, Sabados de 06:00 a 22:00 hrs y Domingo de 7:00 a 22:00 hrs",
        "status": "validated",
        "updatedAt": "2026-06-06",
        "featureIndex": 0
      },
      "geometry": {
        "type": "LineString",
        "coordinates": [
          [
            -98.7875,
            20.120278
          ],
          [
            -98.788611,
            20.120556
          ],
          [
            -98.788611,
            20.12
          ],
          [
            -98.7875,
            20.12
          ],
          [
            -98.786667,
            20.119722
          ],
          [
            -98.785556,
            20.120278
          ],
          [
            -98.782778,
            20.118611
          ],
          [
            -98.781944,
            20.119722
          ],
          [
            -98.781389,
            20.121667
          ],
          [
            -98.779722,
            20.121389
          ],
          [
            -98.777222,
            20.121389
          ],
          [
            -98.775833,
            20.121111
          ],
          [
            -98.774722,
            20.120278
          ],
          [
            -98.774722,
            20.118611
          ],
          [
            -98.774444,
            20.116944
          ],
          [
            -98.774444,
            20.114722
          ],
          [
            -98.773056,
            20.113056
          ],
          [
            -98.775,
            20.112778
          ],
          [
            -98.774722,
            20.110833
          ],
          [
            -98.771944,
            20.108333
          ],
          [
            -98.769444,
            20.106111
          ],
          [
            -98.767778,
            20.104167
          ],
          [
            -98.765,
            20.101667
          ],
          [
            -98.760556,
            20.102778
          ]
        ]
      }
    },
    {
      "type": "Feature",
      "properties": {
        "routeId": "tuzobus-ra-15-c-vuelta",
        "name": "RA 15-C FRACC. COLOSIO / E. C. DE AUTOBUSES (vuelta)",
        "externalId": "RA 15-C",
        "origin": "COLOSIO/PUNTA AZUL/PIRACANTOS/AMPLIACION SANTA JULIA",
        "destination": "C. Altar 50, Colosio, 42088 Pachuca de Soto, Hgo.",
        "source": "tuzobus_oficial",
        "sourceLabel": "Tuzobus oficial",
        "sourceUrl": "https://p-tuzobus.hidalgo.gob.mx/",
        "routeType": "tuzobus_alimentadora",
        "color": "#7C3AED",
        "fare": "$10 aprox.",
        "frequency": "Por confirmar",
        "schedule": "Lunes a Viernes de 05:30 a 22:30 hrs, Sabados de 06:00 a 22:00 hrs y Domingo de 7:00 a 22:00 hrs",
        "status": "validated",
        "updatedAt": "2026-06-06",
        "featureIndex": 0
      },
      "geometry": {
        "type": "LineString",
        "coordinates": [
          [
            -98.752222,
            20.106389
          ],
          [
            -98.761111,
            20.1025
          ],
          [
            -98.765556,
            20.102778
          ],
          [
            -98.768333,
            20.105278
          ],
          [
            -98.769444,
            20.106389
          ],
          [
            -98.771667,
            20.108611
          ],
          [
            -98.774444,
            20.111111
          ],
          [
            -98.774722,
            20.1125
          ],
          [
            -98.772778,
            20.113056
          ],
          [
            -98.774167,
            20.115
          ],
          [
            -98.774167,
            20.117222
          ],
          [
            -98.774444,
            20.118611
          ],
          [
            -98.774444,
            20.12
          ],
          [
            -98.775833,
            20.121667
          ],
          [
            -98.777222,
            20.121667
          ],
          [
            -98.779722,
            20.121667
          ],
          [
            -98.781667,
            20.121667
          ],
          [
            -98.782222,
            20.119444
          ],
          [
            -98.783056,
            20.118611
          ],
          [
            -98.785556,
            20.120833
          ],
          [
            -98.786667,
            20.121111
          ],
          [
            -98.786667,
            20.119722
          ],
          [
            -98.7875,
            20.120278
          ],
          [
            -98.788611,
            20.120556
          ]
        ]
      }
    },
    {
      "type": "Feature",
      "properties": {
        "routeId": "tuzobus-ra-16-ida",
        "name": "RA 16 SAN CARLOS / E. ZONA PLATEADA (ida)",
        "externalId": "RA 16",
        "origin": "SAN CARLOS/ZONA PLATEADA",
        "destination": "Zona Plateada, 42084 Pachuca de Soto, Hgo.",
        "source": "tuzobus_oficial",
        "sourceLabel": "Tuzobus oficial",
        "sourceUrl": "https://p-tuzobus.hidalgo.gob.mx/",
        "routeType": "tuzobus_alimentadora",
        "color": "#2563EB",
        "fare": "$10 aprox.",
        "frequency": "Por confirmar",
        "schedule": "Lunes a Viernes de 05:30 a 22:30 hrs, Sabados de 06:00 a 22:00 hrs y Domingo de 7:00 a 22:00 hrs",
        "status": "validated",
        "updatedAt": "2026-06-06",
        "featureIndex": 0
      },
      "geometry": {
        "type": "LineString",
        "coordinates": [
          [
            -98.789167,
            20.098611
          ],
          [
            -98.7875,
            20.098056
          ],
          [
            -98.785833,
            20.097778
          ],
          [
            -98.784444,
            20.0975
          ],
          [
            -98.784722,
            20.094722
          ],
          [
            -98.783611,
            20.096389
          ],
          [
            -98.782222,
            20.098333
          ],
          [
            -98.778611,
            20.097222
          ],
          [
            -98.775556,
            20.096389
          ],
          [
            -98.7725,
            20.096667
          ]
        ]
      }
    },
    {
      "type": "Feature",
      "properties": {
        "routeId": "tuzobus-ra-16-vuelta",
        "name": "RA 16 SAN CARLOS / E. ZONA PLATEADA (vuelta)",
        "externalId": "RA 16",
        "origin": "SAN CARLOS/ZONA PLATEADA",
        "destination": "San Carlos, 42084 Pachuca de Soto, Hgo.",
        "source": "tuzobus_oficial",
        "sourceLabel": "Tuzobus oficial",
        "sourceUrl": "https://p-tuzobus.hidalgo.gob.mx/",
        "routeType": "tuzobus_alimentadora",
        "color": "#7C3AED",
        "fare": "$10 aprox.",
        "frequency": "Por confirmar",
        "schedule": "Lunes a Viernes de 05:30 a 22:30 hrs, Sabados de 06:00 a 22:00 hrs y Domingo de 7:00 a 22:00 hrs",
        "status": "validated",
        "updatedAt": "2026-06-06",
        "featureIndex": 0
      },
      "geometry": {
        "type": "LineString",
        "coordinates": [
          [
            -98.770278,
            20.096111
          ],
          [
            -98.770556,
            20.0975
          ],
          [
            -98.775833,
            20.096667
          ],
          [
            -98.778333,
            20.097222
          ],
          [
            -98.781667,
            20.098333
          ],
          [
            -98.783611,
            20.0975
          ],
          [
            -98.784722,
            20.097778
          ],
          [
            -98.785833,
            20.098056
          ],
          [
            -98.787222,
            20.098333
          ],
          [
            -98.789167,
            20.098611
          ]
        ]
      }
    },
    {
      "type": "Feature",
      "properties": {
        "routeId": "tuzobus-ra-17-ida",
        "name": "RA 17 TEZONTLE / HOSPITAL GENERAL PACHUCA (ida)",
        "externalId": "RA 17",
        "origin": "EL TEZONTLE/ZONA PLATEADA/SAN CAYETANO/PUNTA AZUL/PIRACANTOS/EL PALMAR/AMPLIACIÓN SANTA JULIA/ CUBITOS/DOCTORES/CÉSPEDES/CIUDAD DE LOS NIÑOS",
        "destination": "Av Francisco I. Madero 104, Cd de los Niños, 42090 Pachuca de Soto, Hgo.",
        "source": "tuzobus_oficial",
        "sourceLabel": "Tuzobus oficial",
        "sourceUrl": "https://p-tuzobus.hidalgo.gob.mx/",
        "routeType": "tuzobus_alimentadora",
        "color": "#2563EB",
        "fare": "$10 aprox.",
        "frequency": "Por confirmar",
        "schedule": "Lunes a Viernes de 05:30 a 22:30 hrs, Sabados de 06:00 a 22:00 hrs y Domingo de 7:00 a 22:00 hrs",
        "status": "validated",
        "updatedAt": "2026-06-06",
        "featureIndex": 0
      },
      "geometry": {
        "type": "LineString",
        "coordinates": [
          [
            -98.775278,
            20.092778
          ],
          [
            -98.773611,
            20.096389
          ],
          [
            -98.771944,
            20.098333
          ],
          [
            -98.771944,
            20.100278
          ],
          [
            -98.772222,
            20.1025
          ],
          [
            -98.772222,
            20.104167
          ],
          [
            -98.772222,
            20.105833
          ],
          [
            -98.7725,
            20.108056
          ],
          [
            -98.775278,
            20.107778
          ],
          [
            -98.778333,
            20.108056
          ],
          [
            -98.777778,
            20.110556
          ],
          [
            -98.776111,
            20.112778
          ],
          [
            -98.779444,
            20.115833
          ],
          [
            -98.782778,
            20.118333
          ],
          [
            -98.781944,
            20.119444
          ],
          [
            -98.781667,
            20.121111
          ],
          [
            -98.779444,
            20.121389
          ],
          [
            -98.777222,
            20.121389
          ],
          [
            -98.775833,
            20.121111
          ],
          [
            -98.774722,
            20.120278
          ],
          [
            -98.774722,
            20.118611
          ],
          [
            -98.774722,
            20.117222
          ],
          [
            -98.774444,
            20.115
          ],
          [
            -98.773056,
            20.113056
          ],
          [
            -98.771389,
            20.113056
          ],
          [
            -98.77,
            20.113333
          ],
          [
            -98.767778,
            20.113611
          ],
          [
            -98.765833,
            20.113889
          ],
          [
            -98.761944,
            20.114167
          ],
          [
            -98.761944,
            20.114167
          ],
          [
            -98.757778,
            20.113889
          ],
          [
            -98.7575,
            20.115
          ],
          [
            -98.756111,
            20.115833
          ],
          [
            -98.752222,
            20.115278
          ],
          [
            -98.751111,
            20.115833
          ],
          [
            -98.749722,
            20.115833
          ],
          [
            -98.749167,
            20.113889
          ],
          [
            -98.747222,
            20.115
          ],
          [
            -98.744167,
            20.116667
          ],
          [
            -98.7425,
            20.117778
          ],
          [
            -98.740833,
            20.118889
          ],
          [
            -98.739444,
            20.12
          ],
          [
            -98.736667,
            20.121667
          ],
          [
            -98.733056,
            20.118056
          ],
          [
            -98.729722,
            20.1175
          ],
          [
            -98.727778,
            20.116944
          ],
          [
            -98.724722,
            20.114722
          ],
          [
            -98.723333,
            20.112778
          ]
        ]
      }
    },
    {
      "type": "Feature",
      "properties": {
        "routeId": "tuzobus-ra-17-vuelta",
        "name": "RA 17 TEZONTLE / HOSPITAL GENERAL PACHUCA (vuelta)",
        "externalId": "RA 17",
        "origin": "EL TEZONTLE/ZONA PLATEADA/SAN CAYETANO/PUNTA AZUL/PIRACANTOS/EL PALMAR/AMPLIACIÓN SANTA JULIA/ CUBITOS/DOCTORES/CÉSPEDES/CIUDAD DE LOS NIÑOS",
        "destination": "Av Ferrocarril Central, Zona Plateada, 42084 Pachuca de Soto, Hgo.",
        "source": "tuzobus_oficial",
        "sourceLabel": "Tuzobus oficial",
        "sourceUrl": "https://p-tuzobus.hidalgo.gob.mx/",
        "routeType": "tuzobus_alimentadora",
        "color": "#7C3AED",
        "fare": "$10 aprox.",
        "frequency": "Por confirmar",
        "schedule": "Lunes a Viernes de 05:30 a 22:30 hrs, Sabados de 06:00 a 22:00 hrs y Domingo de 7:00 a 22:00 hrs",
        "status": "validated",
        "updatedAt": "2026-06-06",
        "featureIndex": 0
      },
      "geometry": {
        "type": "LineString",
        "coordinates": [
          [
            -98.721389,
            20.111389
          ],
          [
            -98.723333,
            20.113056
          ],
          [
            -98.726111,
            20.115556
          ],
          [
            -98.730278,
            20.116389
          ],
          [
            -98.7325,
            20.116944
          ],
          [
            -98.734722,
            20.117778
          ],
          [
            -98.735833,
            20.119167
          ],
          [
            -98.737222,
            20.121389
          ],
          [
            -98.740556,
            20.120278
          ],
          [
            -98.741944,
            20.119167
          ],
          [
            -98.743611,
            20.118056
          ],
          [
            -98.745556,
            20.116667
          ],
          [
            -98.749167,
            20.114167
          ],
          [
            -98.750278,
            20.116111
          ],
          [
            -98.753056,
            20.115833
          ],
          [
            -98.756389,
            20.116111
          ],
          [
            -98.7575,
            20.116667
          ],
          [
            -98.757778,
            20.115
          ],
          [
            -98.760278,
            20.114722
          ],
          [
            -98.7625,
            20.114444
          ],
          [
            -98.764444,
            20.114167
          ],
          [
            -98.766111,
            20.113889
          ],
          [
            -98.767222,
            20.113889
          ],
          [
            -98.769722,
            20.113611
          ],
          [
            -98.771389,
            20.113333
          ],
          [
            -98.772778,
            20.113056
          ],
          [
            -98.774167,
            20.115
          ],
          [
            -98.774167,
            20.117222
          ],
          [
            -98.774444,
            20.118611
          ],
          [
            -98.774444,
            20.12
          ],
          [
            -98.775833,
            20.121667
          ],
          [
            -98.7775,
            20.121667
          ],
          [
            -98.779722,
            20.121667
          ],
          [
            -98.781667,
            20.121389
          ],
          [
            -98.782222,
            20.119722
          ],
          [
            -98.783056,
            20.118611
          ],
          [
            -98.780833,
            20.116389
          ],
          [
            -98.777778,
            20.113611
          ],
          [
            -98.778611,
            20.108333
          ],
          [
            -98.780278,
            20.103056
          ],
          [
            -98.778889,
            20.105833
          ],
          [
            -98.778333,
            20.1075
          ],
          [
            -98.776389,
            20.106389
          ],
          [
            -98.7725,
            20.106111
          ],
          [
            -98.7725,
            20.103889
          ],
          [
            -98.7725,
            20.102222
          ],
          [
            -98.7725,
            20.100556
          ],
          [
            -98.772222,
            20.098333
          ],
          [
            -98.773889,
            20.096389
          ],
          [
            -98.775278,
            20.092778
          ]
        ]
      }
    },
    {
      "type": "Feature",
      "properties": {
        "routeId": "tuzobus-ra-19-ida",
        "name": "RA 19 REAL DEL VALLE / E. PREPA 1 (ida)",
        "externalId": "RA 19",
        "origin": "PIRACANTOS, EL PALMAR, AMPLIACIÓN SANTA JULIA, CONSTITUCIÓN, VALLE DE SAN JAVIER",
        "destination": "Av Solidaridad 911, Parque de Poblamiento 1a. Secc, Parque de Poblamiento, 42032 Pachuca de Soto, Hgo.",
        "source": "tuzobus_oficial",
        "sourceLabel": "Tuzobus oficial",
        "sourceUrl": "https://p-tuzobus.hidalgo.gob.mx/",
        "routeType": "tuzobus_alimentadora",
        "color": "#2563EB",
        "fare": "$10 aprox.",
        "frequency": "Por confirmar",
        "schedule": "Lunes a Viernes de 05:30 a 22:30 hrs, Sabados de 06:00 a 22:00 hrs y Domingo de 7:00 a 22:00 hrs",
        "status": "validated",
        "updatedAt": "2026-06-06",
        "featureIndex": 0
      },
      "geometry": {
        "type": "LineString",
        "coordinates": [
          [
            -98.774722,
            20.120833
          ],
          [
            -98.7525,
            20.088889
          ],
          [
            -98.752222,
            20.090278
          ],
          [
            -98.751944,
            20.091944
          ],
          [
            -98.751944,
            20.093611
          ],
          [
            -98.751389,
            20.096944
          ],
          [
            -98.751389,
            20.098611
          ],
          [
            -98.751111,
            20.100556
          ],
          [
            -98.750556,
            20.104722
          ],
          [
            -98.750278,
            20.106667
          ],
          [
            -98.750278,
            20.110833
          ],
          [
            -98.751389,
            20.1125
          ],
          [
            -98.753889,
            20.113611
          ],
          [
            -98.756111,
            20.114167
          ],
          [
            -98.759167,
            20.114722
          ],
          [
            -98.76,
            20.112778
          ],
          [
            -98.760833,
            20.110833
          ],
          [
            -98.762778,
            20.110556
          ],
          [
            -98.765278,
            20.11
          ],
          [
            -98.7675,
            20.109444
          ],
          [
            -98.769722,
            20.109722
          ],
          [
            -98.769722,
            20.111111
          ],
          [
            -98.769722,
            20.113611
          ],
          [
            -98.77,
            20.115556
          ],
          [
            -98.769722,
            20.1175
          ],
          [
            -98.77,
            20.12
          ],
          [
            -98.771667,
            20.120278
          ],
          [
            -98.774167,
            20.121111
          ]
        ]
      }
    },
    {
      "type": "Feature",
      "properties": {
        "routeId": "tuzobus-ra-19-vuelta",
        "name": "RA 19 REAL DEL VALLE / E. PREPA 1 (vuelta)",
        "externalId": "RA 19",
        "origin": "PIRACANTOS, EL PALMAR, AMPLIACIÓN SANTA JULIA, CONSTITUCIÓN, VALLE DE SAN JAVIER",
        "destination": "Real de San Carlos 103-106, Real del Valle, 42086 Pachuca de Soto, Hgo.",
        "source": "tuzobus_oficial",
        "sourceLabel": "Tuzobus oficial",
        "sourceUrl": "https://p-tuzobus.hidalgo.gob.mx/",
        "routeType": "tuzobus_alimentadora",
        "color": "#7C3AED",
        "fare": "$10 aprox.",
        "frequency": "Por confirmar",
        "schedule": "Lunes a Viernes de 05:30 a 22:30 hrs, Sabados de 06:00 a 22:00 hrs y Domingo de 7:00 a 22:00 hrs",
        "status": "validated",
        "updatedAt": "2026-06-06",
        "featureIndex": 0
      },
      "geometry": {
        "type": "LineString",
        "coordinates": [
          [
            -98.7525,
            20.088889
          ],
          [
            -98.774722,
            20.120833
          ],
          [
            -98.773056,
            20.120556
          ],
          [
            -98.771944,
            20.120278
          ],
          [
            -98.77,
            20.119444
          ],
          [
            -98.770278,
            20.1175
          ],
          [
            -98.770278,
            20.115833
          ],
          [
            -98.77,
            20.113611
          ],
          [
            -98.77,
            20.111111
          ],
          [
            -98.769722,
            20.109167
          ],
          [
            -98.7675,
            20.109167
          ],
          [
            -98.764722,
            20.109722
          ],
          [
            -98.762222,
            20.110556
          ],
          [
            -98.760556,
            20.110833
          ],
          [
            -98.7575,
            20.114167
          ],
          [
            -98.755833,
            20.113889
          ],
          [
            -98.754167,
            20.113611
          ],
          [
            -98.753056,
            20.114167
          ],
          [
            -98.751389,
            20.115556
          ],
          [
            -98.749444,
            20.115833
          ],
          [
            -98.749444,
            20.114167
          ],
          [
            -98.750556,
            20.1125
          ],
          [
            -98.755,
            20.108611
          ],
          [
            -98.751944,
            20.106111
          ],
          [
            -98.750833,
            20.104444
          ],
          [
            -98.751389,
            20.100556
          ],
          [
            -98.751389,
            20.098889
          ],
          [
            -98.751667,
            20.096944
          ],
          [
            -98.751944,
            20.094444
          ],
          [
            -98.752222,
            20.092778
          ],
          [
            -98.7525,
            20.090278
          ],
          [
            -98.7525,
            20.088889
          ]
        ]
      }
    }
  ]
}
